{"batch":{"54":10,"55":10,"56":10,"57":10,"58":10,"59":10,"72":13,"73":13,"74":13,"75":13,"76":13,"77":13,"84":15,"85":15,"86":15,"87":15,"88":15,"89":15},"sensor":{"54":1,"55":2,"56":3,"57":4,"58":5,"59":6,"72":1,"73":2,"74":3,"75":4,"76":5,"77":6,"84":1,"85":2,"86":3,"87":4,"88":5,"89":6},"value":{"54":[100.0,0.0,8.547008547,10.2564102564,2.5641025641,0.8547008547,2.5641025641,0.8547008547,1.7094017094,2.5641025641,5.1282051282,5.1282051282,4.2735042735,3.4188034188,3.4188034188],"55":[0.0,30.5084745763,50.8474576271,71.186440678,79.6610169492,100.0,98.3050847458,98.3050847458,96.6101694915,96.6101694915,93.2203389831,93.2203389831,91.5254237288,94.9152542373,98.3050847458],"56":[100.0,12.1212121212,66.6666666667,39.3939393939,15.1515151515,42.4242424242,15.1515151515,39.3939393939,0.0,15.1515151515,36.3636363636,24.2424242424,12.1212121212,33.3333333333,21.2121212121],"57":[0.0,100.0,63.5,41.0,44.0,35.0,37.5,34.5,37.0,37.0,39.0,38.0,38.5,37.0,37.5],"58":[100.0,0.0,24.0601503759,35.3383458647,28.0701754386,26.8170426065,28.8220551378,27.3182957393,28.0701754386,28.5714285714,29.3233082707,29.5739348371,29.5739348371,28.5714285714,28.5714285714],"59":[86.6666666667,0.0,90.0,100.0,96.6666666667,96.6666666667,96.6666666667,96.6666666667,100.0,96.6666666667,100.0,96.6666666667,96.6666666667,93.3333333333,100.0],"72":[33.3333333333,0.0,79.1666666667,91.6666666667,50.0,87.5,100.0,95.8333333333,87.5,79.1666666667,91.6666666667,87.5,87.5,95.8333333333,95.8333333333],"73":[17.3913043478,0.0,100.0,95.652173913,78.2608695652,78.2608695652,86.9565217391,78.2608695652,69.5652173913,56.5217391304,65.2173913043,69.5652173913,60.8695652174,65.2173913043,60.8695652174],"74":[23.8095238095,0.0,71.4285714286,57.1428571429,61.9047619048,47.619047619,90.4761904762,47.619047619,28.5714285714,47.619047619,100.0,47.619047619,95.2380952381,66.6666666667,85.7142857143],"75":[100.0,81.5789473684,0.0,10.5263157895,26.3157894737,26.3157894737,21.0526315789,28.9473684211,39.4736842105,47.3684210526,39.4736842105,34.2105263158,36.8421052632,36.8421052632,36.8421052632],"76":[0.0,58.2278481013,96.2025316456,96.2025316456,77.2151898734,93.6708860759,98.7341772152,100.0,91.1392405063,88.6075949367,94.9367088608,89.8734177215,89.8734177215,93.6708860759,94.9367088608],"77":[50.0,100.0,25.0,25.0,50.0,0.0,50.0,50.0,50.0,25.0,25.0,25.0,50.0,25.0,25.0],"84":[0.0,70.1923076923,100.0,100.0,89.4230769231,92.3076923077,97.1153846154,96.1538461538,86.5384615385,83.6538461538,87.5,92.3076923077,91.3461538462,88.4615384615,87.5],"85":[100.0,83.5443037975,59.4936708861,24.0506329114,3.7974683544,1.2658227848,0.0,5.0632911392,3.7974683544,6.3291139241,8.8607594937,11.3924050633,8.8607594937,6.3291139241,5.0632911392],"86":[100.0,21.7391304348,0.0,39.1304347826,4.347826087,17.3913043478,26.0869565217,8.6956521739,8.6956521739,0.0,73.9130434783,8.6956521739,8.6956521739,17.3913043478,30.4347826087],"87":[0.0,12.7118644068,50.0,81.3559322034,97.4576271186,98.3050847458,100.0,94.9152542373,96.6101694915,93.2203389831,89.8305084746,89.8305084746,92.3728813559,94.9152542373,95.7627118644],"88":[0.0,72.8915662651,100.0,95.1807228916,88.5542168675,90.3614457831,95.7831325301,95.1807228916,85.5421686747,83.1325301205,86.7469879518,92.1686746988,91.5662650602,89.156626506,87.3493975904],"89":[0.0,0.0,0.0,50.0,50.0,50.0,0.0,100.0,0.0,0.0,50.0,50.0,0.0,0.0,50.0]},"status":{"54":1,"55":1,"56":1,"57":1,"58":1,"59":1,"72":1,"73":1,"74":1,"75":1,"76":1,"77":1,"84":1,"85":1,"86":1,"87":1,"88":1,"89":1},"cross":{"54":4,"55":4,"56":4,"57":4,"58":4,"59":4,"72":4,"73":4,"74":4,"75":4,"76":4,"77":4,"84":4,"85":4,"86":4,"87":4,"88":4,"89":4}}