{"batch":{"12":3,"13":3,"14":3,"15":3,"16":3,"17":3,"24":5,"25":5,"26":5,"27":5,"28":5,"29":5,"30":6,"31":6,"32":6,"33":6,"34":6,"35":6,"36":7,"37":7,"38":7,"39":7,"40":7,"41":7},"sensor":{"12":1,"13":2,"14":3,"15":4,"16":5,"17":6,"24":1,"25":2,"26":3,"27":4,"28":5,"29":6,"30":1,"31":2,"32":3,"33":4,"34":5,"35":6,"36":1,"37":2,"38":3,"39":4,"40":5,"41":6},"value":{"12":[0.0,100.0,66.6666666667,100.0,66.6666666667,66.6666666667,66.6666666667,66.6666666667,33.3333333333,66.6666666667,100.0,66.6666666667,100.0,66.6666666667,100.0],"13":[100.0,0.0,33.3333333333,0.0,33.3333333333,33.3333333333,33.3333333333,66.6666666667,33.3333333333,66.6666666667,0.0,66.6666666667,0.0,33.3333333333,0.0],"14":[15.0,75.0,30.0,50.0,35.0,30.0,55.0,35.0,35.0,15.0,100.0,85.0,0.0,45.0,55.0],"15":[0.0,85.7142857143,42.8571428571,57.1428571429,42.8571428571,42.8571428571,28.5714285714,57.1428571429,42.8571428571,0.0,42.8571428571,0.0,100.0,14.2857142857,57.1428571429],"16":[42.8571428571,85.7142857143,57.1428571429,100.0,42.8571428571,57.1428571429,28.5714285714,28.5714285714,42.8571428571,28.5714285714,28.5714285714,0.0,85.7142857143,42.8571428571,85.7142857143],"17":[50.0,50.0,50.0,50.0,50.0,50.0,50.0,50.0,100.0,0.0,50.0,0.0,50.0,50.0,50.0],"24":[50.0,50.0,50.0,25.0,100.0,50.0,75.0,0.0,75.0,75.0,50.0,75.0,25.0,50.0,50.0],"25":[54.5454545455,54.5454545455,54.5454545455,72.7272727273,0.0,54.5454545455,81.8181818182,100.0,36.3636363636,36.3636363636,63.6363636364,36.3636363636,81.8181818182,63.6363636364,63.6363636364],"26":[61.1111111111,61.1111111111,61.1111111111,0.0,88.8888888889,61.1111111111,66.6666666667,27.7777777778,72.2222222222,50.0,27.7777777778,100.0,33.3333333333,100.0,66.6666666667],"27":[35.7142857143,35.7142857143,42.8571428571,14.2857142857,100.0,21.4285714286,21.4285714286,0.0,64.2857142857,50.0,21.4285714286,57.1428571429,0.0,21.4285714286,21.4285714286],"28":[66.6666666667,66.6666666667,50.0,16.6666666667,100.0,50.0,83.3333333333,16.6666666667,66.6666666667,50.0,16.6666666667,83.3333333333,0.0,33.3333333333,66.6666666667],"29":[100.0,100.0,100.0,100.0,100.0,100.0,100.0,100.0,100.0,100.0,100.0,100.0,0.0,0.0,0.0],"30":[100.0,66.6666666667,66.6666666667,66.6666666667,33.3333333333,66.6666666667,33.3333333333,100.0,66.6666666667,33.3333333333,66.6666666667,66.6666666667,66.6666666667,33.3333333333,0.0],"31":[75.0,25.0,50.0,100.0,75.0,0.0,75.0,50.0,50.0,50.0,25.0,25.0,25.0,75.0,75.0],"32":[100.0,35.2941176471,88.2352941176,76.4705882353,52.9411764706,58.8235294118,64.7058823529,35.2941176471,35.2941176471,35.2941176471,52.9411764706,41.1764705882,52.9411764706,23.5294117647,0.0],"33":[25.0,75.0,37.5,0.0,62.5,100.0,0.0,62.5,62.5,37.5,50.0,50.0,25.0,37.5,0.0],"34":[100.0,100.0,0.0,0.0,66.6666666667,33.3333333333,33.3333333333,100.0,100.0,100.0,66.6666666667,66.6666666667,66.6666666667,33.3333333333,0.0],"35":[50.0,0.0,0.0,50.0,50.0,50.0,50.0,0.0,50.0,50.0,50.0,0.0,0.0,100.0,0.0],"36":[50.0,0.0,100.0,0.0,0.0,50.0,0.0,100.0,50.0,100.0,50.0,100.0,50.0,50.0,100.0],"37":[80.0,60.0,60.0,40.0,60.0,40.0,100.0,0.0,60.0,60.0,80.0,60.0,40.0,20.0,100.0],"38":[57.1428571429,50.0,92.8571428571,100.0,28.5714285714,50.0,57.1428571429,92.8571428571,50.0,71.4285714286,42.8571428571,35.7142857143,0.0,50.0,92.8571428571],"39":[66.6666666667,83.3333333333,16.6666666667,50.0,50.0,50.0,33.3333333333,83.3333333333,66.6666666667,33.3333333333,33.3333333333,66.6666666667,83.3333333333,100.0,0.0],"40":[40.0,60.0,0.0,0.0,20.0,40.0,20.0,100.0,60.0,20.0,60.0,60.0,80.0,40.0,80.0],"41":[66.6666666667,66.6666666667,33.3333333333,66.6666666667,66.6666666667,33.3333333333,66.6666666667,33.3333333333,66.6666666667,33.3333333333,33.3333333333,100.0,0.0,33.3333333333,66.6666666667]},"status":{"12":3,"13":3,"14":3,"15":3,"16":3,"17":3,"24":3,"25":3,"26":3,"27":3,"28":3,"29":3,"30":3,"31":3,"32":3,"33":3,"34":3,"35":3,"36":3,"37":3,"38":3,"39":3,"40":3,"41":3},"cross":{"12":2,"13":2,"14":2,"15":2,"16":2,"17":2,"24":2,"25":2,"26":2,"27":2,"28":2,"29":2,"30":2,"31":2,"32":2,"33":2,"34":2,"35":2,"36":2,"37":2,"38":2,"39":2,"40":2,"41":2}}