{"batch":{"90":16,"91":16,"92":16,"93":16,"94":16,"95":16},"sensor":{"90":1,"91":2,"92":3,"93":4,"94":5,"95":6},"value":{"90":[80.6060606061,83.0303030303,77.5757575758,81.8181818182,76.9696969697,75.7575757576,72.1212121212,0.0,65.4545454545,100.0,82.4242424242,63.0303030303,70.9090909091,78.7878787879,70.303030303],"91":[33.8235294118,37.7450980392,46.568627451,36.7647058824,37.7450980392,28.431372549,22.0588235294,100.0,27.9411764706,0.0,27.4509803922,39.2156862745,25.0,27.9411764706,31.3725490196],"92":[76.3636363636,32.7272727273,78.1818181818,100.0,63.6363636364,61.8181818182,65.4545454545,9.0909090909,30.9090909091,0.0,16.3636363636,21.8181818182,40.0,18.1818181818,32.7272727273],"93":[70.1538461538,67.3846153846,54.7692307692,67.0769230769,64.0,75.6923076923,81.2307692308,0.0,80.0,100.0,76.0,65.5384615385,80.0,75.6923076923,72.9230769231],"94":[87.9781420765,97.8142076503,83.606557377,87.9781420765,76.5027322404,77.5956284153,66.6666666667,0.0,47.5409836066,100.0,82.5136612022,57.3770491803,66.6666666667,75.956284153,65.0273224044],"95":[84.8920863309,97.1223021583,87.0503597122,90.6474820144,87.7697841727,87.0503597122,89.2086330935,0.0,100.0,80.5755395683,86.3309352518,84.1726618705,82.0143884892,84.8920863309,87.0503597122]},"status":{"90":2,"91":2,"92":2,"93":2,"94":2,"95":2},"cross":{"90":4,"91":4,"92":4,"93":4,"94":4,"95":4}}