{"batch":{"66":12,"67":12,"68":12,"69":12,"70":12,"71":12},"sensor":{"66":1,"67":2,"68":3,"69":4,"70":5,"71":6},"value":{"66":[93.8775510204,100.0,95.9183673469,95.9183673469,95.9183673469,68.3673469388,7.1428571429,32.6530612245,1.0204081633,0.0,21.4285714286,5.1020408163,31.6326530612,32.6530612245,31.6326530612],"67":[0.0,67.1140939597,35.5704697987,89.932885906,98.6577181208,100.0,84.5637583893,89.932885906,89.932885906,93.288590604,86.5771812081,83.2214765101,91.9463087248,90.6040268456,87.9194630872],"68":[0.0,76.3440860215,79.5698924731,100.0,96.7741935484,88.1720430108,80.6451612903,92.4731182796,74.1935483871,74.1935483871,74.1935483871,74.1935483871,76.3440860215,79.5698924731,78.4946236559],"69":[100.0,17.8260869565,20.2173913043,6.9565217391,0.8695652174,0.0,7.1739130435,4.347826087,5.0,0.8695652174,6.5217391304,9.1304347826,1.9565217391,4.5652173913,6.7391304348],"70":[100.0,30.7251908397,20.8015267176,28.4351145038,28.8167938931,21.3740458015,3.2442748092,10.3053435115,1.3358778626,0.0,6.679389313,2.0992366412,9.5419847328,9.5419847328,9.7328244275],"71":[100.0,10.0917431193,20.1834862385,7.3394495413,12.8440366972,10.0917431193,7.3394495413,3.6697247706,6.4220183486,8.2568807339,10.0917431193,14.6788990826,5.504587156,0.0,7.3394495413]},"status":{"66":5,"67":5,"68":5,"69":5,"70":5,"71":5},"cross":{"66":5,"67":5,"68":5,"69":5,"70":5,"71":5}}