{"batch":{"48":9,"49":9,"50":9,"51":9,"52":9,"53":9},"sensor":{"48":1,"49":2,"50":3,"51":4,"52":5,"53":6},"value":{"48":[92.8571428571,100.0,100.0,67.8571428571,42.8571428571,21.4285714286,0.0,3.5714285714,7.1428571429,14.2857142857,28.5714285714,39.2857142857,32.1428571429,32.1428571429,28.5714285714],"49":[0.0,16.6666666667,62.962962963,100.0,100.0,85.1851851852,87.037037037,87.037037037,88.8888888889,83.3333333333,74.0740740741,70.3703703704,85.1851851852,83.3333333333,88.8888888889],"50":[0.0,71.4285714286,91.4285714286,100.0,97.1428571429,94.2857142857,85.7142857143,85.7142857143,80.0,80.0,82.8571428571,88.5714285714,85.7142857143,85.7142857143,85.7142857143],"51":[100.0,62.0689655172,28.9655172414,7.5862068966,0.0,10.3448275862,8.9655172414,8.9655172414,9.6551724138,12.4137931034,20.0,22.0689655172,6.8965517241,7.5862068966,5.5172413793],"52":[76.7857142857,100.0,76.7857142857,58.9285714286,30.3571428571,14.2857142857,1.7857142857,0.0,5.3571428571,10.7142857143,23.2142857143,32.1428571429,21.4285714286,23.2142857143,23.2142857143],"53":[100.0,0.0,54.1666666667,54.1666666667,33.3333333333,37.5,20.8333333333,12.5,4.1666666667,20.8333333333,25.0,41.6666666667,25.0,12.5,29.1666666667]},"status":{"48":5,"49":5,"50":5,"51":5,"52":5,"53":5},"cross":{"48":3,"49":3,"50":3,"51":3,"52":3,"53":3}}