{"batch":{"42":8,"43":8,"44":8,"45":8,"46":8,"47":8,"54":10,"55":10,"56":10,"57":10,"58":10,"59":10},"sensor":{"42":1,"43":2,"44":3,"45":4,"46":5,"47":6,"54":1,"55":2,"56":3,"57":4,"58":5,"59":6},"value":{"42":[0.0,60.2409638554,79.5180722892,100.0,87.9518072289,83.1325301205,74.6987951807,69.8795180723,75.9036144578,79.5180722892,83.1325301205,78.313253012,78.313253012,77.1084337349,79.5180722892],"43":[100.0,48.1751824818,40.1459854015,28.4671532847,3.6496350365,0.0,1.4598540146,0.0,15.3284671533,18.2481751825,1.4598540146,13.1386861314,9.4890510949,2.1897810219,7.299270073],"44":[0.0,91.1764705882,100.0,76.4705882353,88.2352941176,69.1176470588,67.6470588235,80.8823529412,61.7647058824,64.7058823529,92.6470588235,63.2352941176,73.5294117647,85.2941176471,66.1764705882],"45":[0.0,50.2325581395,57.2093023256,73.488372093,94.4186046512,98.6046511628,95.8139534884,99.0697674419,83.7209302326,79.5348837209,100.0,82.7906976744,89.3023255814,95.8139534884,88.8372093023],"46":[0.0,25.641025641,56.4102564103,100.0,73.0769230769,71.7948717949,51.2820512821,43.5897435897,60.2564102564,55.1282051282,69.2307692308,56.4102564103,51.2820512821,58.9743589744,58.9743589744],"47":[100.0,0.0,46.6666666667,35.5555555556,15.5555555556,53.3333333333,31.1111111111,44.4444444444,40.0,28.8888888889,28.8888888889,28.8888888889,24.4444444444,33.3333333333,17.7777777778],"54":[100.0,24.0,8.0,24.0,0.0,32.0,8.0,0.0,12.0,0.0,8.0,12.0,24.0,20.0,8.0],"55":[100.0,28.125,3.125,29.6875,20.3125,26.5625,23.4375,25.0,21.875,20.3125,21.875,21.875,0.0,29.6875,21.875],"56":[77.7777777778,55.5555555556,44.4444444444,77.7777777778,88.8888888889,0.0,66.6666666667,100.0,44.4444444444,100.0,77.7777777778,55.5555555556,66.6666666667,44.4444444444,77.7777777778],"57":[0.0,61.9047619048,80.0,60.0,64.7619047619,64.7619047619,65.7142857143,60.9523809524,66.6666666667,68.5714285714,66.6666666667,66.6666666667,100.0,60.9523809524,66.6666666667],"58":[100.0,15.7894736842,15.7894736842,34.2105263158,10.5263157895,47.3684210526,10.5263157895,7.8947368421,18.4210526316,0.0,18.4210526316,21.0526315789,31.5789473684,21.0526315789,18.4210526316],"59":[0.0,30.0,50.0,40.0,40.0,60.0,40.0,0.0,50.0,50.0,50.0,50.0,20.0,100.0,50.0]},"status":{"42":3,"43":3,"44":3,"45":3,"46":3,"47":3,"54":3,"55":3,"56":3,"57":3,"58":3,"59":3},"cross":{"42":3,"43":3,"44":3,"45":3,"46":3,"47":3,"54":3,"55":3,"56":3,"57":3,"58":3,"59":3}}