{"batch":{"36":7,"37":7,"38":7,"39":7,"40":7,"41":7},"sensor":{"36":1,"37":2,"38":3,"39":4,"40":5,"41":6},"value":{"36":[100.0,46.0526315789,17.1052631579,13.1578947368,12.5,1.3157894737,0.0,0.6578947368,3.9473684211,3.9473684211,6.5789473684,8.5526315789,5.2631578947,3.2894736842,2.6315789474],"37":[0.0,57.8231292517,95.2380952381,100.0,93.1972789116,86.3945578231,82.9931972789,81.6326530612,82.9931972789,92.5170068027,89.1156462585,79.5918367347,87.074829932,89.1156462585,82.9931972789],"38":[62.962962963,0.0,100.0,59.2592592593,62.962962963,81.4814814815,37.037037037,48.1481481481,51.8518518519,40.7407407407,37.037037037,74.0740740741,37.037037037,44.4444444444,66.6666666667],"39":[100.0,33.2288401254,5.6426332288,0.0,4.0752351097,11.2852664577,11.9122257053,11.2852664577,11.9122257053,5.0156739812,6.5830721003,14.4200626959,9.0909090909,7.5235109718,12.539184953],"40":[100.0,46.7924528302,18.1132075472,12.0754716981,10.9433962264,2.2641509434,0.3773584906,0.0,5.6603773585,5.6603773585,5.6603773585,7.9245283019,4.1509433962,3.0188679245,2.641509434],"41":[100.0,24.0,50.0,54.0,40.0,44.0,34.0,36.0,26.0,30.0,0.0,34.0,38.0,42.0,18.0]},"status":{"36":5,"37":5,"38":5,"39":5,"40":5,"41":5},"cross":{"36":1,"37":1,"38":1,"39":1,"40":1,"41":1}}