{"batch":{"84":15,"85":15,"86":15,"87":15,"88":15,"89":15},"sensor":{"84":1,"85":2,"86":3,"87":4,"88":5,"89":6},"value":{"84":[63.2653061224,24.4897959184,0.0,46.9387755102,61.2244897959,79.5918367347,100.0,89.7959183673,81.6326530612,71.4285714286,67.3469387755,83.6734693878,65.306122449,73.4693877551,73.4693877551],"85":[16.6666666667,4.1666666667,0.0,29.1666666667,66.6666666667,100.0,25.0,45.8333333333,45.8333333333,12.5,54.1666666667,29.1666666667,37.5,70.8333333333,50.0],"86":[80.0,0.0,24.0,28.0,48.0,52.0,100.0,56.0,72.0,76.0,56.0,52.0,88.0,44.0,64.0],"87":[98.2142857143,0.0,94.6428571429,87.5,62.5,23.2142857143,91.0714285714,64.2857142857,69.6428571429,100.0,60.7142857143,85.7142857143,69.6428571429,55.3571428571,64.2857142857],"88":[67.3076923077,0.0,52.8846153846,59.6153846154,67.3076923077,77.8846153846,100.0,91.3461538462,85.5769230769,75.0,68.2692307692,86.5384615385,66.3461538462,77.8846153846,77.8846153846],"89":[70.9090909091,0.0,80.0,89.0909090909,100.0,80.0,89.0909090909,90.9090909091,70.9090909091,85.4545454545,83.6363636364,81.8181818182,80.0,90.9090909091,96.3636363636]},"status":{"84":2,"85":2,"86":2,"87":2,"88":2,"89":2},"cross":{"84":3,"85":3,"86":3,"87":3,"88":3,"89":3}}