{"batch":{"30":6,"31":6,"32":6,"33":6,"34":6,"35":6},"sensor":{"30":1,"31":2,"32":3,"33":4,"34":5,"35":6},"value":{"30":[100.0,77.3913043478,62.1739130435,55.2173913043,35.652173913,6.5217391304,0.0,2.1739130435,2.1739130435,6.0869565217,15.2173913043,22.1739130435,24.347826087,24.7826086957,23.9130434783],"31":[20.5882352941,38.2352941176,64.7058823529,100.0,97.0588235294,8.8235294118,17.6470588235,58.8235294118,0.0,14.7058823529,67.6470588235,29.4117647059,55.8823529412,44.1176470588,41.1764705882],"32":[50.9090909091,81.8181818182,100.0,74.5454545455,50.9090909091,56.3636363636,32.7272727273,0.0,14.5454545455,18.1818181818,21.8181818182,23.6363636364,34.5454545455,45.4545454545,34.5454545455],"33":[15.625,96.875,23.4375,0.0,1.5625,84.375,64.0625,21.875,100.0,70.3125,9.375,64.0625,31.25,42.1875,42.1875],"34":[100.0,76.7123287671,59.4520547945,53.4246575342,35.8904109589,6.8493150685,0.0,1.9178082192,1.6438356164,4.6575342466,12.602739726,20.8219178082,23.5616438356,23.0136986301,22.4657534247],"35":[100.0,70.5882352941,88.2352941176,58.8235294118,23.5294117647,35.2941176471,52.9411764706,17.6470588235,82.3529411765,0.0,70.5882352941,17.6470588235,47.0588235294,17.6470588235,64.7058823529]},"status":{"30":1,"31":1,"32":1,"33":1,"34":1,"35":1},"cross":{"30":4,"31":4,"32":4,"33":4,"34":4,"35":4}}