{"batch":{"78":14,"79":14,"80":14,"81":14,"82":14,"83":14},"sensor":{"78":1,"79":2,"80":3,"81":4,"82":5,"83":6},"value":{"78":[100.0,82.6086956522,61.3526570048,53.1400966184,23.1884057971,9.1787439614,10.1449275362,3.8647342995,0.0,5.7971014493,11.1111111111,14.0096618357,10.1449275362,13.5265700483,13.5265700483],"79":[100.0,69.8924731183,63.4408602151,98.9247311828,46.2365591398,0.0,4.3010752688,2.1505376344,12.9032258065,20.4301075269,23.6559139785,22.5806451613,34.4086021505,16.1290322581,25.8064516129],"80":[0.0,56.25,100.0,52.5,68.75,66.25,31.25,32.5,33.75,32.5,43.75,40.0,40.0,50.0,36.25],"81":[100.0,17.6829268293,14.0243902439,0.0,24.0853658537,41.7682926829,40.8536585366,41.4634146341,36.2804878049,31.0975609756,32.6219512195,30.7926829268,23.7804878049,34.756097561,28.9634146341],"82":[100.0,98.7341772152,78.9029535865,76.3713080169,32.9113924051,9.7046413502,12.6582278481,4.641350211,0.0,6.7510548523,13.5021097046,17.2995780591,10.5485232068,15.611814346,16.4556962025],"83":[100.0,0.0,51.1627906977,48.8372093023,58.1395348837,44.1860465116,55.8139534884,58.1395348837,53.488372093,48.8372093023,55.8139534884,44.1860465116,51.1627906977,46.511627907,37.2093023256]},"status":{"78":1,"79":1,"80":1,"81":1,"82":1,"83":1},"cross":{"78":1,"79":1,"80":1,"81":1,"82":1,"83":1}}