{"batch":{"48":9,"49":9,"50":9,"51":9,"52":9,"53":9,"54":10,"55":10,"56":10,"57":10,"58":10,"59":10},"sensor":{"48":1,"49":2,"50":3,"51":4,"52":5,"53":6,"54":1,"55":2,"56":3,"57":4,"58":5,"59":6},"value":{"48":[0.0,60.2409638554,79.5180722892,100.0,87.9518072289,83.1325301205,74.6987951807,69.8795180723,75.9036144578,79.5180722892,83.1325301205,78.313253012,78.313253012,77.1084337349,79.5180722892],"49":[100.0,48.1751824818,40.1459854015,28.4671532847,3.6496350365,0.0,1.4598540146,0.0,15.3284671533,18.2481751825,1.4598540146,13.1386861314,9.4890510949,2.1897810219,7.299270073],"50":[0.0,91.1764705882,100.0,76.4705882353,88.2352941176,69.1176470588,67.6470588235,80.8823529412,61.7647058824,64.7058823529,92.6470588235,63.2352941176,73.5294117647,85.2941176471,66.1764705882],"51":[0.0,50.2325581395,57.2093023256,73.488372093,94.4186046512,98.6046511628,95.8139534884,99.0697674419,83.7209302326,79.5348837209,100.0,82.7906976744,89.3023255814,95.8139534884,88.8372093023],"52":[0.0,25.641025641,56.4102564103,100.0,73.0769230769,71.7948717949,51.2820512821,43.5897435897,60.2564102564,55.1282051282,69.2307692308,56.4102564103,51.2820512821,58.9743589744,58.9743589744],"53":[100.0,0.0,46.6666666667,35.5555555556,15.5555555556,53.3333333333,31.1111111111,44.4444444444,40.0,28.8888888889,28.8888888889,28.8888888889,24.4444444444,33.3333333333,17.7777777778],"54":[0.0,100.0,97.5609756098,90.243902439,90.243902439,58.5365853659,24.3902439024,12.1951219512,24.3902439024,29.2682926829,31.7073170732,39.0243902439,53.6585365854,36.5853658537,39.0243902439],"55":[100.0,4.347826087,0.0,52.1739130435,71.7391304348,52.1739130435,28.2608695652,50.0,65.2173913043,39.1304347826,47.8260869565,43.4782608696,50.0,54.347826087,54.347826087],"56":[45.4545454545,0.0,100.0,90.9090909091,95.4545454545,90.9090909091,77.2727272727,72.7272727273,50.0,63.6363636364,59.0909090909,77.2727272727,59.0909090909,63.6363636364,63.6363636364],"57":[25.0,100.0,90.625,17.1875,4.6875,10.9375,51.5625,28.125,0.0,29.6875,23.4375,23.4375,12.5,12.5,20.3125],"58":[62.1212121212,100.0,78.7878787879,78.7878787879,78.7878787879,48.4848484848,13.6363636364,0.0,15.1515151515,16.6666666667,24.2424242424,27.2727272727,43.9393939394,27.2727272727,28.7878787879],"59":[0.0,64.7058823529,58.8235294118,58.8235294118,52.9411764706,52.9411764706,88.2352941176,52.9411764706,82.3529411765,76.4705882353,88.2352941176,94.1176470588,100.0,100.0,94.1176470588]},"status":{"48":4,"49":4,"50":4,"51":4,"52":4,"53":4,"54":4,"55":4,"56":4,"57":4,"58":4,"59":4},"cross":{"48":3,"49":3,"50":3,"51":3,"52":3,"53":3,"54":3,"55":3,"56":3,"57":3,"58":3,"59":3}}